spot_name,content,sentiment,date
故宫博物院,我会再推荐大家去故宫博物院的，因为我因为武英殿的瓷器展时间过于长了，没赶上故宫的下午茶，下次一定把时间计划充裕了，直奔故宫下午茶，然后再去其他场馆。 下次我会再去九龙壁，珍宝馆，漱芳斋，西六宫等地。 不过我也不会有遗憾，就有遗憾才会有下一次的相遇。 最重要的是体验，是感悟，是学到新知。 【趣味】印象深刻的就是武英殿的陶瓷馆，五大名窑，陶和瓷的发展历史，制造工艺的不断精进，古代文人雅士的巧思和对外开放的文化碰撞。 【景色】故宫处处都是风景，慈宁宫前的梨花开的正盛，映着红墙绿瓦特别美，终于理解了古人极致的中式美学。 【性价比】门票不贵，能看到皇族才能欣赏的风景和住所不亏。 最后还是要特别提醒，故宫里面无充电宝，请自备2000mA以下的进宫。下午票11点可进，到排队至少2小时，不带包排队的略少，可以看我之前的笔记妙招，小E建议下午13点进宫，排队少，还能有3个半小时，看个人情况选择。,positive,2025-04
故宫博物院,陶瓷馆 一上来就选择游中轴线的游客永远不会到达的一个地方，位于故宫午门进入后西侧的武英殿。馆内的藏品不是特别多，但绝对抵得上一个地方级博物馆的收藏质量了，花半个小时在这里了解一下陶瓷史，看一看灿烂辉煌的陶瓷艺术品，你会对古人的艺术审美和工匠精神感到不可思议。 家具馆 位于武英殿斜对面，展出康熙、雍正、乾隆年间的家具，还可以看到家具库房，非常壮观。这个馆虽然小众但十分宝藏，人少位置偏很容易被错过，建议一进故宫就先去打卡。 钟表馆 一定要去视觉震撼的钟表馆，去看精美绝伦的各式钟表，感受从前的辉煌和繁荣，不得不再一次对匠人们的卓越技艺叹为观止。 珍宝馆 展有清代的宫廷珠宝，有金银器馆、珠宝馆、盆景 馆、玉石馆等，珍宝馆的区域很大，一进门的九龙壁 和靠近出口的珍妃井不要错过。,positive,2025-02
故宫博物院,"故宫，一眼千年的历史回响

踏入故宫的那一刻，时间仿若倒流，历史的厚重感扑面而来。这座屹立于北京中轴线上的明清皇家宫殿，红墙黄瓦、雕梁画栋，每一寸砖石、每一处飞檐，都承载着数百年的兴衰荣辱 。

穿过雄伟的午门，便开启了这场穿越时空的奇妙之旅。太和殿的庄严肃穆，令人不禁想象当年皇帝登基、大典时的盛大场面，那金色的琉璃瓦在阳光下闪耀着皇权的威严；中和殿的精致典雅，是皇帝大典前休息的宁静之所；保和殿的宏伟壮丽，见证了无数科举士子的梦想与荣耀 。三大殿不仅是建筑的杰作，更是历史的见证者，诉说着往昔的辉煌。

漫步于内廷，乾清宫、坤宁宫、交泰殿，这些承载着帝后生活印记的宫殿，充满了神秘与故事。乾清宫的“正大光明”匾下，曾是皇帝处理政务的地方，也见证了诸多宫廷秘辛；坤宁宫的布置，展现出皇后寝宫的华丽与庄重；交泰殿虽不大，却在宫廷礼仪中有着独特的地位。

东西六宫则像是一部部细腻的史书，每一座宫殿都有着自己独特的故事。翊坤宫的奢华，让人联想到后宫妃嫔的争奇斗艳；储秀宫的幽静，仿佛还能听到往昔佳人的低语。在这里，一砖一瓦、一草一木，都在诉说着宫廷生活的点点滴滴。

珍宝馆和钟表馆更是让人目不暇接。馆内琳琅满目的文物，每一件都凝聚着古代工匠的智慧与心血，展示了古代皇家的奢华与精致。那些精美的玉器、瓷器、书画、金银器，仿佛在诉说着往昔的辉煌与荣耀。

故宫不仅是建筑的瑰宝，更是历史文化的宝库。它让我们得以触摸历史，感受古代皇家的生活，领略中华文化的博大精深。在这里，历史不再是书本上枯燥的文字，而是鲜活地呈现在眼前。

游览故宫，建议提前预约门票和讲解服务，这样可以更好地了解每一处建筑背后的故事。穿着舒适的鞋子，因为故宫很大，需要足够的体力来探索。如果时间充裕，可以选择在傍晚时分游览，此时的故宫少了些喧嚣，多了份宁静，夕阳的余晖洒在红墙黄瓦上，更显庄重与神秘 。

故宫，是一场不可错过的历史盛宴，它等待着每一位游客去探寻、去感受那份跨越时空的魅力 。",positive,2025-04
故宫博物院,故宫博物院作为古代皇宫在世界上是独一无二的。它不同于法爱丽舍宫及俄克林姆林宫，它是以木构为主的砖瓦建筑。年代久远达600年之久，更重要的是保存完好 珍品极多。它气势恢宏雄伟壮观！,positive,2024-10
故宫博物院,"故宫博物院歌舞剧 《猫神在故宫》


紫禁城的琉璃瓦下，

猫的足迹已绵延六百年。

自明朝永乐年间紫禁城建成，

这些“四爪侍卫”

便肩负起守护宫殿的重任。



宫猫“吉祥”（右）、“警长”（左）

它们不仅是捕鼠卫士，

更浸润着皇家雅趣。

在故宫博物院所藏文物中，

以《墨竹狸奴图》《梧桐猫蝶图》等

为代表的“猫”主题绘画类文物

记录了画家眼中猫咪生活的日常，

也寄托了其对猫咪的喜爱之情。



明·佚名 《墨竹狸奴图》

故宫博物院藏



徐悲鸿 《梧桐猫蝶图》

故宫博物院藏

2025年

恰逢故宫博物院建院百年

由中国儿童艺术剧院与故宫博物院共同出品

一部以“御猫”们为视角的儿童歌舞剧

《猫神在故宫》

将带你穿梭于历史长河中

进行一次历史文化的深度游学



01

剧情简介

一只紫禁城里名叫“宝贝儿”的小猫，

因为它对它的人类伙伴的深深眷恋，

经由一个奇特的机缘，

得以穿越数百年时光回到曾经的紫禁城，

成了名叫“小东西”的小猫。



此时的紫禁城已经成了故宫博物院。

小东西在初建的故宫博物院里寻找着自己，

寻找着曾经陪伴自己的伙伴的身影，

认识了生活在故宫博物院里的

各位有性格的猫朋友，

认识了在这里生活了几百年、

代表着不同历史记忆的“会说话的”朋友，

还认识了一只名叫“吱吱”的好奇的小耗子……



在这座壮丽的宫殿里，

小东西不仅找到了心的归属，

更成为真正的四爪侍卫，

成为故宫的守护者。



02

“猫眼”看世界

歌舞剧《猫神在故宫》根据同名绘本故事改编，

以“猫神”的故事为载体，用“猫眼”看世界，

向全世界的大小观众展现

代表中华历史文明和传统文化的故宫。



剧中主角“宝贝儿”穿越时空

化身故宫博物院初建时的“小东西”。

在寻找故人的旅途中，

邂逅了性格迥异的故宫猫族：

霸气张扬的“局气猫”、

英武洒脱的“大橘猫”、

喜庆可爱的“墩墩猫”；

更与象征历史记忆的“会说话”文物展开对话：

让凝固的青铜铭文诉说王朝兴替，

使沉睡的瓷器纹样重现匠人匠心......

这种设定巧妙地让沉睡的历史

在舞台上重新“活”了过来。



为构建沉浸式的体验，

曾创作过《七子之歌》《弯弯的月亮》等

家喻户晓作品的作曲家李海鹰",positive,2025-04
故宫博物院,"踏入北京故宫，仿若步入历史长河、巍峨宫殿气势恢宏，一砖一瓦皆是岁月沉淀。中轴线上，太和殿庄严肃穆，尽显皇家风范。御花园精致典雅，透着宁静古韵。阳光洒在宫墙上，映出往昔繁华。这次故宫之行，是一场与历史深度对话的文化盛宴。
红墙映日，黄瓦生辉，那是岁月镌刻的荣耀勋章。每一步，都似踩在历史的弦上，奏响往昔的繁华乐章。太和殿威严耸立，龙椅静卧，仿佛在诉说着帝王的风云霸业；乾清宫庄重肃穆，见证无数宫廷秘辛；御花园则宛如尘世中的静谧桃源，古木繁花，亭台楼阁，皆藏着无尽诗意。

故宫，不只是一座宫殿建筑群，更是一部立体的史书，一砖一瓦皆有灵，一草一木总关情。在这里，历史不再是书本上的冰冷文字，而是触手可及的真实。每一处角落，都散发着东方美学的独特韵味，让人沉醉，令人痴迷。这场故宫之约，是心灵与历史的深情相拥，永留心底。??",positive,2025-02
故宫博物院,故宫是每一个外地游客来北京必去景点，的确是这样的，不用说外地游客，就连我这个北京人，我都买了故宫年票，可以一年去10次，平均一次30元，因为我比较喜欢古建筑、历史等，每次进故宫都会逛大半天的时间，可想而知游客们走马观花看看，根本看不完，所以建议喜欢故宫文化的朋友要多次来，才能慢慢了解故宫的……,positive,2025-05
故宫博物院,"《故宫博物院游玩推荐》

故宫，这座宏伟的古代宫殿建筑群，是北京必游之地。

故宫的建筑气势恢宏。红墙黄瓦，金碧辉煌的宫殿，彰显着皇家的威严。太和殿、中和殿、保和殿三大殿坐落在故宫的中轴线上，是故宫的核心建筑。漫步其间，仿佛能感受到古代帝王的威严和庄重。
从午门进入，首先映入眼帘的是太和门广场，广场上的金水河如一条玉带穿过，河上的五座石桥精美绝伦，桥边的白石狮子形态各异。走过金水桥，便是雄伟壮观的太和殿，它是故宫中最大的宫殿，也是中国现存最大的木构殿宇，建在高约五米的汉白玉台基上，阳光照耀下金碧辉煌，殿内的金漆雕龙宝座、沥粉金漆的蟠龙柱等装饰华丽无比，尽显皇家威严。中和殿和保和殿依次坐落在太和殿的北方，虽规模稍小，但同样精美，展现了古代建筑的高超技艺。沿着中轴线继续向北，乾清宫、交泰殿、坤宁宫是明清两代皇帝和皇后的寝宫，宫殿内的布置充满了皇家的气息，让人感受到古代宫廷生活的奢华。

文化艺术之旅

故宫不仅有宏伟的建筑，还收藏了大量的文物珍宝。故宫博物院的珍宝馆和钟表馆是必去之地，珍宝馆内陈列着各种稀世珍宝，如金瓯永固杯、翠玉白菜等，每一件都价值连城，让人惊叹不已；钟表馆里收藏了许多精美的钟表，这

游览故宫，可以从午门进入。午门是故宫的正门，也是故宫最大的城门。穿过午门，就来到了太和门广场。广场上的金水河波光粼粼，河上的五座石桥精美绝伦。走过金水桥，便是太和殿。太和殿是故宫中最大的宫殿，也是中国古代建筑的杰出代表。殿内的装饰华丽，龙椅、屏风等文物让人叹为观止。

除了三大殿，故宫还有很多值得一看的地方。乾清宫、坤宁宫是明清两代皇帝和皇后的寝宫，宫殿内的布置充满了皇家的气息。御花园则是故宫中的一处美丽花园，园内有亭台楼阁、假山流水，景色宜人。

在故宫游览，还可以参观故宫的博物馆。博物馆内收藏了大量的文物，包括书画、陶瓷、青铜器、玉器等。这些文物不仅是中国古代文化的瑰宝，也是世界文化遗产的重要组成部分。

游玩故宫需要注意以下几点。首先，提前预订门票，避免因游客过多而无法进入。其次，穿着舒适的鞋子，因为故宫的面积很大，需要步行较长的距离。最后，注意保护文物，不要触摸和破坏文物。

总之，故宫博物馆是一个值得一游的地方。在这里，你可以领略到中国古代建筑的魅力，感受到中国古代文化的博大精深。",positive,2024-12
故宫博物院,"故宫博物院不仅是历史的“保存者”，更是文化的“翻译者”与“传播者”。它在文物保护、学术研究、公共教育、商业创新等领域的探索，为全球传统博物馆的转型提供了中国方案。然而，如何在商业化与公益性、游客体验与文物保护、全球化与本土性之间找到平衡，仍是其未来发展的关键命题。

建议：可借鉴法国奥赛博物馆的“分时段沉浸式体验”、大都会博物馆的会员深度服务等模式，进一步提升服务细节；同时加强学术研究的国际发声，深化文物背后的文化叙事权",positive,2025-04
故宫博物院,中国最大的古代文化艺术博物馆，它始建于明朝永乐年间，是明清两代的皇家宫殿，旧称紫禁城。故宫以木结构为主，采用中轴对称布局，分为外朝和内廷两部分。外朝以太和殿、中和殿、保和殿为中心，是皇帝举行大典和处理政务的地方；内廷则以乾清宫、交泰殿、坤宁宫为中心，是皇帝和后妃居住的地方。此外，故宫还有九千多间房屋，红墙黄瓦，琉璃屋顶，这些都是其标志性特征。故宫博物院收藏了大量的文物，包括书画、陶瓷、玉器、青铜器等，总数超过180万件。其中著名的有《清明上河图》、《千里江山图》、各种明清官窑瓷器、皇帝的玉玺等。 【景色】,positive,2025-04
故宫博物院,"故宫的杏花开了??附赏花路线||故宫杏花是春日里不可错过的绝美风景，朱墙金瓦与粉白杏花相映，构成绝美的古典画卷。

??地点：故宫博物馆
??交通：地铁1号线，天安门东下，B东北口出，步行约1公里
??门票：40，一定要提前一星期预约
?开放时间：开放入馆时间08：30
停止入馆时间15：30（一定计划好时间）
闭馆时间16:30
珍宝馆、钟表馆停止入馆时间15:40
??最佳观赏时间：
3月下旬至4月上旬（花期约10天），建议清晨或工作日前往，避开人流。
??核心打卡点:
御花园-玉翠亭（图1-3）：古树与亭台交错，适合拍意境特写。
坤宁西院（图4-5）：小众角落，杏花低垂触手可及。
钟粹宫（图6-7）：适合仰拍。",positive,2025-03
故宫博物院,"故宫博物院的首次开放

宣统三年（1911年），辛亥革命胜利后，溥仪宣布退位，根据当时临时革命政府拟定的《清室优待条件》，逊帝溥仪被允许“暂居宫禁”，即紫禁城后部的“后寝（内廷）”。当时的政府决定，将热河（承德）行宫（即承德避暑山庄）和盛京（沈阳）故宫的文物移至故宫前半部的“前朝（外朝）”部分，修建有宝蕴楼，于民国三年（1914年）成立了古物陈列所。溥仪居宫内，一直与亡清残余势力图谋复辟，且以赏赐、典当、修补等名目，从宫中盗窃大量文物，引起了社会各界的严重关注。

正式开放

1924年，冯玉祥发动“北京政变”，修改对清皇室优待条件，将溥仪逐出宫禁，接管了故宫。11月5日，溥仪出宫的当天，政府与清室组织了临时机构“清室古物保管委员会”，随时检查封闭腾出的宫殿。11月6日晚，保管委员会开始点验出宫人员的物品，分别公私。公者收回保管，私者当即放行。

1925年9月29日，“办理清室善后委员会”制订并通过了《故宫博物院临时组织大纲》，设临时董事会“协议全院重要事物”，由董事严修、卢永祥、蔡元培、熊希龄、张学良、张璧、庄蕴宽、鹿钟麟、许世英、梁士诒、薛笃弼、黄郛、范源濂、胡若愚、吴敬恒、李祖绅、李仲三、汪大燮、王正廷、于右任、李煜瀛等21人组成。又设临时理事会“执行全院事物”，有理事9人。下建古物馆、图书馆。李煜瀛为临时董事兼理事长，易培基任古物馆馆长，陈垣任图书馆馆长。“办理清室善后委员会”曾对故宫文物逐宫逐室地进行了清点查收，事竣后整理刊印出《故宫物品点查报告》共6编28册，计有9.4万余个编号117万余件文物。据1925年公开出版的《清室善后委员会点查报告》一书所载，清代宫廷遗留下来的文物包括三代鼎彝、远古玉器、唐宋元明之书法名画、宋元陶瓷、珐琅、漆器、金银器、竹木牙角匏、金铜宗教造像以及大量的帝后妃嫔服饰、衣料和家具等等。可谓金翠珠玉，奇珍异宝，天下财富，尽聚于此。除此之外，还有大量图书典籍、文献档案。为此故宫博物院下设古物馆、图书馆、文献馆，分别组织人力继续对文物进行整理，并就宫内开辟展室，举办各种陈列，还编辑出版多种刊物，公开资料，进行宣传。各项工作开展得有声有色，人文荟萃，极一时之盛。1925年10月10日在乾清门前广场举行了盛大的建院典礼，并通电全国，宣布故宫博物院正式成立。开放的第一天，北京市内万人空巷，交通为之堵塞。",positive,2025-03
故宫博物院,北京故宫博物院，是明清两代的皇家宫殿，旧称紫禁城。故宫于明永乐四年（1406年）开始建设，到永乐十八年（1420年）建成，成为明清两朝二十四位皇帝的皇宫。故宫建成已有六百多年的历史。民国十四年（1925年）故宫博物院正式挂牌子成立，迄今已有百年。北京故宫是世界现存规模最大、保存最完整的木制结构古建筑群。1987年故宫被列为世界文化遗产。,positive,2025-02
故宫博物院,??故宫珍宝馆探宝记?? ??各位小仙女们有没有想过一睹古代皇家的奢华珍宝珍宝馆位于故宫的东北角，是一个充满神秘色彩的地方。一进入馆内，就被眼前琳琅满目的珍宝所震撼。每一件展品都是历史的见证，诉说着曾经的辉煌与荣耀。? ??首先映入眼帘的是那套精美的乾隆御笔《千秋篇》，字迹刚劲有力，气势磅礴。还有那幅《清明上河图》，生动地描绘了北宋都城汴京的繁华景象，令人叹为观止。?? ??除了这些珍贵的文物，珍宝馆还有许多令人惊艳的珍宝。比如那颗大如鸡蛋的珍珠，以及那件镶嵌着无数宝石的凤冠霞帔，都让人叹为观止。?? ??在这里，你不仅可以欣赏到古代皇家的奢华珍宝，还可以了解到中国古代的历史和文化。每一件展品都有详细的解说牌，让你在欣赏美景的同时，也能增长知识。?? ??总之，故宫珍宝馆是一个充满惊喜和收获的地方。无论你是历史爱好者，还是珠宝收藏家，这里都是一个不容错过的景点。,positive,2025-01
故宫博物院,"在我们访问北京的每一个地方中,禁城是最不感兴趣的。不同大小的同一个房子,不进去,门开着,但远处在黑暗中却看不见。用俄语收费的导游:工作不清楚,多次说同样的话。可以去一子,但如此兴奋,你必须在一周内买票,而且已经没有了,完全不明白。不推荐!",negative,2026-04
故宫博物院,"唯一的好处是你在现场跳过购买门票,但后来保安告诉我,我可以轻松地做到这一点。对于您来说,早上9点遇到导游是不可能的!您需要从Meridian Gate的出租车下车步行10分钟才能到达入境前安全。至少30分钟(如果不是更长)排队到安全。你需要考虑一个好的小时(甚至不是旺季(公共假日)之前进入与导游见面。在旅游前简报中没有提到这一点。幸运的是,我以前去过紫禁城,但我知道导游在催促我们。.我会在进入安全之前在票务办公室租一个音频指南。旅游后,我可以自己花时间更好。提示。可以的时候拍宫图。还有遮阳伞,点心喝水会不错",negative,2026-04
故宫博物院,导游不专业，体验感非常差,negative,2026-04
故宫博物院,导游一整个大迟到！！！讲解敷衍！不流利！！！真的大无语了，非常不专业！,negative,2026-04
天坛公园,"宝子们，我必须得跟你们唠唠我第一次去天坛公园的惨痛经历??，真的是一把辛酸泪啊！本以为就是个平平无奇的普通公园，结果好家伙，一进去才发现，它居然有4个故宫那么大！下午3点，我就像个无头苍蝇一样，在烈日下暴走，最后两条腿抖得跟筛糠似的才出来，那滋味，简直了……现在我就把这些踩坑经验毫无保留地分享给大家，可别再走我的老路啦??！

?? 亲测最佳游览方案

时间选择??

- 要是你想看看晨练大爷们潇洒地打太极，感受那股子悠闲劲儿，那就早上6点来，从南门进去就对啦??，保证让你感受到老北京的独特韵味。
- 要是你跟我一样，心心念念想拍无人版的祈年殿，那就16:30之后去，这个时候的光线那叫一个温柔，就像给祈年殿披上了一层金色的纱衣，美极了??。
- ?? 不过一定要注意哦，17:30就停止入场啦！上次我17:20才急匆匆地冲进去，结果保安大哥一路“陪同游览”，那感觉，别提多尴尬了??。

交通指南??

- 南门进：最省力的选择！202路公交车能直接把你送到门口。进门后就可以按照圜丘→回音壁→祈年殿这个经典路线游玩，轻松又自在~
- 东门进：如果你是个文化爱好者，对历史文化有浓厚的兴趣，那从东门进准没错。沿着斋宫→神厨→祈年殿的路线，慢慢探寻天坛深厚的文化底蕴。
- 西门进：8号线超方便，一下地铁就能到西门。从西门进去后，就可以游览神乐署→双环亭→祈年殿，这条路线小众又有趣。

?? 拍照党私藏机位??

- 祈年殿北侧栏杆：这个地方简直是拍照的宝藏地，能帮你轻松避开90%的游客，拍出美美的祈年殿大片，仿佛整个天坛都被你承包啦??。
- 回音壁东侧红墙：下午的时候，阳光洒在红墙上，光影效果简直绝绝子！随便一拍，都是氛围感满满的复古大片。
- 双环万寿亭琉璃瓦：这个地方相对小众，知道的人不多，但拍出来的照片超级出片，琉璃瓦在阳光下闪闪发光，美到让人移不开眼。
- 七星石上午10点前：这个时候阳光斜照在七星石上，层次超级丰富，拍出的照片自带一种神秘的历史感。

?? 穿搭建议??
浅色系！浅色系！浅色系！重要的事情说三遍??！蓝瓦红墙配上白裙子，那效果，简直yyds，就像从画里走出来的一样。还有哦，一定要记得穿舒适的运动鞋，公园里的鹅卵石路那可是硌脚警告??，不然走几步路，你就得喊疼啦。",positive,2025-06
天坛公园,"一直都很喜欢铃兰花，第一次去现场拍摄，很棒的。

就是拍摄非常不易，铃兰是一种多年生草本植物，整体无毛，植株高度通常在18到30厘米之间，铃兰的花朵为白色，每朵花的长度和宽度均为5到7毫米。

铃兰花最著名的花语便是“幸福归来”。它仿佛是大自然的信使，为人们带来幸福和好运的消息。",positive,2025-05
天坛公园,"地址，北京市东城区天坛公园百花园

天坛公园百花园位于祈年殿西南、双环万寿亭东南，占地约3万平方米，是天坛公园内以花卉观赏为主题的特色园林景区。该园始建于1963年，经过多年植物配置调整和景观营造，现已成为天坛春日赏花的标志性景点。

明清时期为荒地，民国初年仅有少量柏树。20世纪50年代开始增植加拿大杨、雪松等林木，1963年正式建园。

现在月季正合适。",positive,2025-05
天坛公园,带孩子来天坛公园玩，主要是来打卡邓小平爷爷种的树，来找哪棵树，按着网上的指引找到了，从西门进来比较近，找到双环万寿亭旁边二百米就是了，早上九点到的，人还比较少，就我们自己拍照，等我们拍完陆陆续续就开始人多了起来，排队打卡拍照，基本都是二年级的吧，然后去祈年殿回音壁那边转了转，路上能看到好多小松鼠??，在天坛福宴吃的饭，有下午茶，这杯饮料还是挺好看的。,positive,2025-03
天坛公园,天坛公园最近尤其的火，特别是到了节假日，人们络绎不绝，摩肩接踵，天坛祈年殿是中国的标配 到了北京的天坛在祈年殿前流行很多照片，都说明了天坛公园的威名远扬，其实到了天坛公园也要看古树，古柏在那里是最多的聚集地，只有在这里才能与经历数百年的古树对话，体会古代的文明与对话，建议到了天坛要多走一会儿，多多体会一下北京古城的韵味。,positive,2025-06
天坛公园,天坛的知名度简直太高了，很多来北京的外地游客，一定会去一趟，但是只知道祈年殿、回音壁等，错过了天坛里很多小众建筑。 重檐歇山顶的宰牲亭，覆绿色琉璃瓦，殿前有一座六角亭，小院里安静、庄重。 双环亭，一座造型别致的亭子，这里可不是他的最初建造地，最早这座亭子位于现在的中南海内，后来经过周总理的保护和建议，整体搬迁到了天坛里，要不是周总理的保护，如今我们就看不到这座精美的亭子了。 斋宫，也是北京最大的斋宫，这里最大的特点就是无梁殿，整座大殿没有采用一根大梁，都是砖石结构，非常具有观赏性。 天坛里还有很多精致、小众的建筑，快来这里探寻吧！,positive,2025-04
天坛公园,天坛公园是一个集历史文化、自然景观和现代设施于一体的综合性公园，深受游客喜爱。天坛公园是明清两代皇帝祭天、祈谷的场所，具有极高的历史、艺术和科学价值。公园内的主要建筑包括祈年殿、圜丘坛和皇穹宇，这些建筑不仅展示了古代建筑的精湛工艺，还蕴含了丰富的祭祀文化内涵。祈年殿的圆形设计象征着天圆地方，圜丘坛的九或九的倍数的设计则体现了天的至高无上?。自然环境也非常优美?，园内古树参天，绿地广阔，空气清新，是感受皇家园林宁静与和谐的好去处。公园内还有许多古树名木，形成了独特的自然景观，游客可以在这里享受大自然的宁静与美丽?。,positive,2025-01
天坛公园,【景色】天坛公园景色怡人，且名胜古迹众多，有祈年殿、回音壁、圜丘等，还有神奇的七星石、九龙柏等，很多中外游客络绎不绝，赞叹不已。这里还有很多历经沧桑的古树，九龙柏就是被康熙皇帝起名而得。还有很多一级、二级古树，自然景观值得细细欣赏，空气非常清新。小松鼠和喜鹊也常在公园出现，好似这里的主人。 【趣味】这里还有很多文创店，纪念品商店，有很多象征天坛古建筑的棒棒糖和冰激凌。很多游人在这里锻炼身体，还有一些附近居民在这里练舞、练剑、打球、踢毽…… 【性价比】性价比很高，有年票免费进入，有公园联票，游人可尽情观赏这座历史悠久、举世闻名的皇家园林。,positive,2025-02
天坛公园,"天坛公园位于北京市东城区南部，是中国古代皇帝祭祀天地、祈五谷丰登的场所，始建于明朝永乐年间（公元1406年），距今已有600多年的历史。天坛公园以其独特的建筑风格和文化底蕴，被誉为“中国古代建筑的瑰宝”。

天坛公园的主要建筑有祈年殿、皇穹宇、回音壁等。其中，祈年殿是天坛的核心建筑，是一座宏伟的圆形木结构殿堂，象征天圆地方，体现了中国古代天文学的理念。皇穹宇则是用来供奉皇天上帝的地方，其独特的圆形穹顶和精美的彩绘，展示了古代工匠们的高超技艺。回音壁则是一处奇特的自然景观，传说是能听到天上的声音的地方，吸引了无数游客前来聆听。

除了主要建筑外，天坛公园还有大量的古树名花，如古槐、古松、牡丹、月季等，四季景色各异，美不胜收。此外，天坛公园周边还有许多其他景点，如北京古代建筑博物馆、北京国子监等，可以一并游览。

如今，天坛公园已经成为了一个集历史、文化、旅游、休闲于一体的综合性公园，成为了市民和游客们休闲娱乐的好去处。",positive,2025-01
天坛公园,天坛也是北京的标志之一，皇帝祭天之地，如今向万众开放。交通方便，地铁五号线到东门，7号线到北面。进入皇家园林，巨大无比，有中线，西线和东线，各有千秋。地面绿植，亭台楼阁，小鸟??松鼠都可见，不失为散步和游览的好去处。第一次去，一定去看看祈年殿，回音壁，体验和想象皇帝当年敬天祭祀的庄重和虔诚。,positive,2025-05
天坛公园,"非常繁忙,没有提供地图",negative,2026-04
天坛公园,评分给这么低，不是因为景点景色不行，而是因为未充分考虑游客的感受。天坛公园这么大，去核心景点就一个门，一条路，而且要走很远才能到核心景点，到了全部拥挤在那，我是今年初二下午去的，那人流量…那人挤人，恐怖都不能形容。其实完全可以像故宫一样预约或者多开几个通道直达核心景点，这样进去快出来也快，排队二三个小时进去了都不想出来，外面的又往里面挤…不重视，以后人越来越多，迟早出事。,negative,2026-02
天坛公园,讲师讲的很一般，没啥趣味性。可能是春节期间来凑数的,negative,2026-02
天坛公园,"公园很漂亮,天坛上有很多人,公园其他历史遗迹比较安静,人不多。",positive,2026-04
天坛公园,不好玩 不好玩 不好玩 不好玩,negative,2025-09
八达岭长城,上个世纪八十年代，外国人在中国境内很少，每次外国人在中国必须去八达岭长城，这是必须的日程，所以我们陪外宾去长城几乎是每天一次，对于八达岭长城实在是太熟悉了，记得一次陪孟加拉空军司令去八达岭，那是一个寒冬，三九天，他们从热带过来，没有棉衣，我给他们每人买了一件军大衣，到了八达岭长城，把我冻着了，像几只兔子，乱串，最后进了小卖部烤火，八达岭长城的记忆太多了。,positive,2025-04
八达岭长城,“不到长城非好汉”??八达岭长城保姆级游玩攻略??|||万里长城万里长，万里长城永不倒。“世界七大奇迹之一” “万里长城 世界遗产”八达岭长城是长城中保护最好的一段也是最具有代表性的一段??景区门票：全价票40，??往返缆车票140 ??开放时间：06:30-16:30 ??如何抵达：???北京北站（地铁??西直门站）???清河站（地铁??清河站）这两个高铁站都有直达八达岭长城站的高铁??清河站的车次比北京北站车次要多一些，不太好抢票，建议提前15天订票，高铁用时20-30分钟，票价二等座25/20??高铁站出站后左转，步行约5分钟进入步行街，步行抵达登城口??高铁站出站后右手边直走大概400米，就是缆车检票口??游览路线：??我是买的缆车票往返，所以直接到北八楼附近，然后我是步行下城的，所以相当于我是缆车直接送到终点，然后一路步行下去的，步行下去大概1小时吧。因为到了北八楼就不能再往前走了，所以如果要坐缆车往返，相当于没啥逛的，我朋友上来看了一眼就下去了（当天下雨，确实也看不到啥）?所以这边给的建议就是：?体力好的特种兵可以步行往返游览，大概3-4小时时间肯定是够的?赶时间或者带老人小孩的家庭，可以直接坐缆车往返，主打一个来过，看一眼就可以啦，缆车用时大概是5分钟吧，但是如果遇到节假日或者旺季，排队时间也要算上哈?我个人比较推荐的线路是：坐缆车上去，然后步行下城，可以一路从北八楼逛到北一楼，用时大概1小时吧（体力好的），而且下城的路比较好走，不累人，对好汉碑有执念的，还可以到“不到长城非好汉”的石碑（北二楼附近）那里合影留念??缆车单程票是100 ??特别提示????八达岭长城景区是全国重点保护单位，整个景区严谨吸烟，被发现可能面临罚款等处罚??步行游览安检口??免费寄存??行李的地方（图9），还有庆丰包子铺还可以打个卡，味道确实不错??如果时间充足，其实南边还有南一楼到南六楼可以爬，南北的分界线就是在步行登城口??不要相信小广告上面的北京一日游团哈，说是带你去爬长城，但其实去的不是“不到长城非好汉”的八达岭长城，去的是个野长城，别问我怎么知道的，因为我7年前第一次到北京上了一当,positive,2025-01
八达岭长城,"八达岭长城作为明长城的精华段落，以其雄伟险峻、保存完好闻名于世。登临城楼，可感受""不到长城非好汉""的豪情，陡峭的阶梯与斑驳的城砖诉说着600年历史沧桑。春季山花掩映敌楼，秋日层林尽染，四季景观各异。完善的缆车、滑道等设施兼顾游览便利性与趣味性，但旺季游客拥挤稍显遗憾。建议选择非节假日前往，更能静心体会这项世界文化遗产的壮美与厚重。",positive,2025-05
八达岭长城,?景点介绍: 北长城:一共有 12 段，最高点是北八楼。年轻人可以挑战一下 南长城:有7段，相对比较平缓适合带老人和孩子一起玩会。 ??拍照打卡:好汉石和好汉碑都在，北长城的北四楼和南长城的南一、南二、南四楼都能找到它 【门票&缆车/滑道】 门票:成人 40 元/人，学生 20 元/人 空中缆车或地面缆车通用:双程 140 元/人单程 100 元/人，空缆可以坐到北七楼，地缆可以到南4楼 滑车:单程 80 元/人，往返 120 元/人 【省力路线】 (地面缆车上一空中缆车下)地面缆车登城口-缆车上行南四一徒步向北到北八好汉坡一徒步返回北七一空中缆车下行 路线1口:轻松当好汉缆车登城口--缆车上行北七--徒步北八徒步返回北七--缆车下行 路线2口(缆车上滑车下+去黑熊乐园)缆车登城口--缆车上行北七--徒步北八徒步返回北四--滑车下行-黑熊乐园徒步出口 路线3口:南北都兼顾|滑车方案>步行登城口--徒步南一至南七--徒步返回南---徒步北一至北八--徒步返回北四滑车下行 路线4口:实力派选手>步行登城口--徒步南一至南七--徒步返回南---徒步北一至北十二--徒步返回北十-黑熊乐园-徒步出口,positive,2025-04
八达岭长城,"八达岭长城非常值得去，以下是其特色亮点:

位于燕山山脉和太行山山脉汇合处，山峦重叠，地势险峻，海拔多在600—1240米之间。站在长城上，可将连绵群山、茂密森林等自然美景尽收眼底。由关城、城墙、敌楼、烽火台等组成。关城有“居庸外镇”“北门锁钥”牌匾；城墙多石砌或石砌包砖，有垛口、女墙等；敌楼形制多样，有巡逻放哨的墙台，也有上下两层供士兵住宿和作战的敌台。
- 四季景色各异：春季山花烂漫，夏季满目葱茏，秋季层林尽染，冬季银装素裹，无论何时前往，都能欣赏到独特的景观。

特色景点众多
- 好汉石与好汉碑：北四有著名的“好汉石”，南一、二、四段各有“好汉碑”，增添了独特的文化韵味。

- 其他景点丰富：有岔道古城、古崖居、望京石、天险留题、水关长城等景点，还有中国长城博物馆可让游客深入了解长城文化。",positive,2025-03
八达岭长城,站在八达岭长城脚下，抬头眺望，巨龙般的城墙盘踞山峦，砖石承载着岁月的厚重。沿着陡峭阶梯攀爬，烽火台在云雾间若隐若现，似在诉说古时的烽火连天。城墙两侧，垛口绵延不绝，抚摸那斑驳墙面，能感受到历史的心跳。极目远眺，群山连绵，满目苍翠，长城于其间蜿蜒穿梭，勾勒出雄浑又壮丽的天际线。每一步都似踩在时光上，让人沉醉于往昔金戈铁马的遐想，为这人类奇迹惊叹。,positive,2024-12
八达岭长城,20250428八达岭长城，八达岭长城的交通便利，可以做高铁动车到八达岭长城站，游客非常多，索道上去非常的快捷方便，两分钟就可以到了长城上，省时省力。山上凉快风景也是很优美壮观，蜿蜒绵亘的长城壮丽秀美，索道站里面也有“不到长城非好汉”的碑石，下次有机会要来看一看长城的夜景！,positive,2025-05
八达岭长城,??八达岭长城 | 秋游路线推荐?? ??秋天已至，落叶纷飞，到八达岭长城游玩的家人们注意啦！别再去北坡游览啦！秋天的八达岭长城，南坡比北坡要好看太多喽！ ??八达岭长城南坡植被相对更加茂盛，入秋后树叶变黄变红，有一种层林尽染的感觉。 ??南坡景点： ?登城口：八达岭长城徒步登城的地方，在这里可以选择南坡或者北坡路线 ??南四楼：南坡的制高点，站在高处可以欣赏到整个八达岭长城的雄伟！不过南三到南四这段坡度还是非常陡峭的，有些地方甚至达到了60度左右的坡度，怕这里一定要注意安全哦~ ??南七楼：这里是南坡的终点，景色非常好，很适合摄影拍照哦~另外如果天气好的话，在这里可以看到北京市区哦，最高的建筑物是CBD的“中国尊”！ ??南五楼：南坡缆车抵达平台，这里有“不到长城非好汉”的石碑哦~ ??秋游八达岭长城交通如何选？可以了解一下福适达北斗国旅八达岭长城一日游哦 ??套餐里有门票、往返车费，还有专业导游讲解，纯玩无购物，让您尽情畅游八达岭。 ??发车时间及地点在这 ?07：30 ??地铁 2/8 号线前门地铁站 G 口 ?08：30 ??地铁 2/6 号线朝阳门站 A 口 ?09：30 ??地铁 2/6 号线朝阳门站 A 口 ?10：00 ??地铁 8/10 号线北土城地铁 F 口 ??想到八达岭长城秋游赏红叶的家人们点赞?收藏好哦,positive,2024-10
八达岭长城,八达岭长城非常值得去，可以说是今生必去景点， 每个中国人到达长城都为之感叹，感到受益匪浅， 八达岭长城不仅仅是一座古老建筑，更是中华民族的象征， 长城古老的历史，历史长河中，历代历朝英雄人物为守卫长城丶保卫华夏民族而英勇奋战，有许多可歌可泣动人故事。,positive,2024-10
八达岭长城,今天王琴导游带我们到长城，颐和园，圆明园旅游，在旅途中王导认真演讲，并一路上对整个团安全关心，尤其是对老同志的身体关注和关心，工作认真负责，业务能力强，热情，使我们感受到首都的伟大，培养这么好的导游感到高兴，下次来京一定首选，在次谢谢！,positive,2024-05
八达岭长城,没事千万别去坐这个索道，排了三个小时的队伍，一点提示没有，刚排队离索道入口很近，一直以为要到了，结果排的队伍山路十八弯，愣是一点提示没有，排队进退两难，只能慢慢等，厕所上不了，出都出不去，渴了只能买他们的天价水。最糟糕的体验没有之一，好不容易坐了索道，到上面也是人挤人，动都动不了，一会就下来了，时间全都用在了排队上。没想到这么大的景区管理这么差，要来的千万别坐这个，特别是家里有老人小孩的，别以为是坐索道是轻松，还不如从下面爬长城。,negative,2026-04
八达岭长城,这个套票特别坑 先买了成人的门票+索道往返票 再给孩子买 以为也是门票+索道往返票 下山的时候一验票说是单程票 又去补了下山的单程票成人索道往返+门票才180 儿童花200 携程多少有点毛病吧？还是说故意这么搞 为啥不给儿童弄个往返票套餐）,negative,2026-04
八达岭长城,2026年4月5日 大风天导致索道暂停，检票口人员说返程可以申请退票，但是网上根本没办法申请退票，投诉无门,negative,2026-04
八达岭长城,"班车改期半小时后离开,公交车位置解释不畅,有几辆公交车,他们只告诉我标志和地铁出口,但公交车在300米左右。墙超级拥挤,回来晚了大约2个小时。",negative,2025-10
八达岭长城,老年人去了白跑一趟，临近下班也没有什么人，临时登记也不行，一点人情味都没有,negative,2025-10
颐和园,"您可以选择坐船游颐和园，现在颐和园中很多地方都开通了大船11条线路，覆盖热门景点及主要游览路线：

　排云门环湖40元/人

　畅观堂-南湖岛40元/人

　石舫-南湖岛40元/人

　南湖岛-景明楼30元/人

　铜牛-石丈亭40元/人

　南湖岛-玉带桥30元/人

　南如意门-南湖岛30元/人

　苏州街-宿云檐30元/人

　南如意门-对鸥舫40元/人

　宿云檐-十七孔桥40元/人

　藻鉴堂水域赏荷(夏季)40元/人",positive,2025-06
颐和园,线路一：懒人版路线 北如意门→画中游→佛香阁→四大部落洲→苏州街→ 北宫门出 特色：适合懒人打卡，拍照出片哦。 线路二：东宫门进→仁寿殿→德和园→玉澜堂宜芸馆→乐寿堂→长廊→排云殿→佛香阁→石舫→乘船至南湖岛→十七孔桥→铜牛→昆明湖东堤→谐趣园→东宫门出 特色：覆盖颐和园主要景点，适合时间充裕的游客。 线路三：北宫门进→苏州街→四大部洲→香岩宗印之阁→智慧海→佛香阁→排云殿→听鹂馆→画中游→石舫→长廊→乐寿堂→德和园→仁寿殿→文昌阁→东宫门出,positive,2025-02
颐和园,颐和园是中国清朝时期的一座皇家园林，位于北京市西郊海淀区新建宫门路19号。?它前身为清漪园，始建于清乾隆十五年（1750年），并于1886年开始重建，取名为颐和园，意为“颐养冲和”。颐和园以昆明湖和万寿山为基址，汲取杭州西湖的设计手法，是一座大型天然山水园，被誉为皇家园林博物馆。?非常值得一去！旺季门票30，淡季20。,positive,2024-11
颐和园,"颐和园整体布局：“一池三山”模式
是中国皇家园林传统的造园手法
营建理想中的蓬莱仙境
昆明湖占据整个颐和园四分之三的面积
水面十分开阔
在水面的艺术处理上
没有重复在一个水面留三个岛的形式
而是创造性的分成三个水面
形成湖、岛、堤的新的“—池三山”格局……

短时游览路线：
东宫门入园~仁寿殿～谐趣园~后溪河～四大部洲～万寿山后山御道～画中游～石舫~宿云檐城关～北如意门出园

??｜开放时间｜
4.1-10.31 6:00-20:00（19:00禁入园）
11.1-3.31 6:30-19:00（18:00禁入园）
??｜门票价格｜淡季20元；旺季30元
??｜公交线路｜
??10号线“巴沟站”转西郊线“颐和园西门”下
??4、16号线“北宫门地铁站”下",positive,2025-04
颐和园,"颐和园，这座镶嵌于北京市西北部的皇家瑰宝，以其壮观的建筑群落与细腻的园林布局，赢得了全球游客的青睐。作为中国现存最大且保护最为完好的皇家园林典范，颐和园不仅是历史文化的深厚积淀，更是中国古典园林美学的璀璨明珠。

颐和园占地广阔，约290公顷，其中水域占据了四分之三的面积，昆明湖更是碧波万顷，水天一色，构成了园林的灵魂景致。湖面上，十七孔桥宛若飞虹横跨，每一桥洞都凝聚着匠人的卓越智慧，桥上的匾联出自乾隆皇帝御笔，让人在领略自然美景的同时，也能深刻感受到皇家的文化气息。

万寿山，作为颐和园的又一标志性存在，山峦起伏，林木葱茏，古建筑点缀其间，佛香阁尤为引人注目。这座高达59.8米的宗教建筑，采用八面三层重檐结构，供奉着千手观世音菩萨铜铸金裹立像。佛香阁不仅是颐和园的象征，更是整个园林的视觉焦点。登高远眺，昆明湖及周边风光尽收眼底，令人不禁赞叹古人对园林规划的精妙绝伦。

颐和园的建筑风格兼容并包，博采众长。东部宫殿区与内廷区，秉承北方四合院的严谨布局，封闭而有序；南部湖泊区则借鉴杭州西湖的景致，一道“苏堤”将湖面一分为二，尽显江南水乡的风情；万寿山北麓，融入西藏喇嘛庙宇的特色，白塔、碉楼等建筑与自然景观和谐相融；北部苏州街，水道纵横，店铺鳞次栉比，仿佛让人置身于江南水乡的梦幻之中。

颐和园的长廊，被誉为“世界之最”，全长达728米，廊上彩绘14000余幅，涵盖历史故事、神话传说、花鸟鱼虫等题材，每一幅都栩栩如生，艺术价值极高。长廊不仅是游客休憩的理想之地，更是领略中国古代文化的绝佳窗口。

此外，颐和园内的亭台楼阁，各具特色，形态各异。它们巧妙布局，与山水绿化相得益彰，共同绘制出一幅幅生动的园林画卷。知春亭、畅观堂、谐趣园等景点，均以独特的建筑风貌和深厚的文化底蕴，吸引着无数游客的目光。

综上所述，颐和园是一座汇聚中国古典园林艺术精华的皇家园林。它以壮观的建筑、细腻的园林设计和丰富的文化内涵，成为国内外游客竞相探访的热门目的地。在这里，游客不仅能领略到中国古代园林艺术的魅力，更能深入了解中国的历史与文化。颐和园，不仅是一座园林，更是一座承载着厚重历史与文化的活生生博物馆。",positive,2025-03
颐和园,北京颐和园作为中国四大园林之一，来北京旅游一定要去看看，一定要预留出一天的时间，因为里面太大了，来都来了一定要看个够，颐和园里面的景点实在太多了，建议夏秋季节来，因为这时的景色最美。 佛香阁、智慧海、画中游、四大部洲、十七孔桥、德和园、多宝琉璃塔、长廊、仁寿殿等等，一定要找个晴天来，拍照效果更好。,positive,2025-04
颐和园,颐和园是著名的皇家园林，万寿山，昆明湖，湖光山色，美不胜收。一年四季景色各具特点，春天开满山桃花的西堤，夏季茂密的树林和碧波荡漾的昆明湖，冬天如果赶上下雪天，那景色就太棒了。 颐和园太大了，要想遛遍了，一天时间不够，当然要借助游船可能更省力省时。我这些照片主要是这个春天在后山拍照的。 这么大的园林公园在全国范围内票价是最便宜的！性价比极高！,positive,2025-04
颐和园,游览路线推荐：北宫门进 → 四大部洲 → 画中游 → 长廊 → 石舫 → 佛香阁 → 乐寿堂 → 仁寿殿 → 文昌院 → 铜牛 → 十七孔桥 → 南湖岛 → 新建宫门出 拍摄建议： - 建议开园时段（6:00-8:00）拍摄人像 - 备好中长焦和广角镜头 - 四季景色各异，春秋季最为出片,positive,2025-04
颐和园,"当然值得去一次 ：颐和园2小时轻松不费腿路线
颐和园真的很大，很少有人能一天逛完。体力不好想要快速逛完精华景点，或者带年纪大的父母游玩的。
 颐和园的前身是清代乾隆皇帝为其母亲祝寿而建的“清漪园”。后来，在19世纪末，慈禧太后将其重建为颐和园，并在此居住。",positive,2025-07
颐和园,万寿山、佛香阁、十七孔桥、西堤、玉泉山和玉峰塔构成了一幅中国传统的水墨画，如同西湖西子，浓妆淡抹总相宜。无论急行军式的一日几游，还是本地人遛弯式的漫步，总能找到最慰藉心灵？最能体味美感的境界。,positive,2025-03
颐和园,游船的门票有风座不了，结束挺长时间了一直没给退,negative,2026-04
颐和园,"你不需要提前买,你可以来,站在我排队买票,价格便宜得多。",negative,2026-04
颐和园,如果没有中国身份证 请一定一定要和他们取得二维码入场 这里是不能刷护照的 检票员也不会接受报电话号码这种荒唐的指示 我出发前信箱信息了几次都没有人回应 到现场排了队 根据指示报电话号码被禁止进入 中国旅游人有多么多你可以想象一下 打电话给客服他们才发给我二维码 但是！那个二维码还不能用 （这里我已经重新排过一次队了） 我还得再打给客服多一次 再多排一次队 才能进入 真的很恐怖 总之还好客服有接电话 帮忙联系供应商 但是这个体验真的太恐怖了 我足足因为他们的疏忽排了3次长长的队 什么游玩的心情都没有了,negative,2026-03
颐和园,讲解员，总讲男女那些事，一个看起来就很龌蹉的人。不值，中途果断放弃,negative,2026-02
南锣鼓巷,南锣鼓巷是历史悠久的文化名巷，北京最古老的街区之一，位于北京市中轴线东侧的交道口地区。南锣鼓巷曾是达官显贵、文化名人聚居的地方，不仅保留了一条条历史悠久的胡同和一座座青砖灰瓦的四合院，还因为这些名人故居的存在而蕴含着丰富的人文历史印迹,positive,2026-04
南锣鼓巷,南锣鼓巷的后园恩寺胡同，座落着茅盾故居，这是一座典型的北京四合院，不是很大，故居内展示了许多茅盾先生生前的用品和文献资料，其中就有《子夜》一书的创作背景，让我们能够深入了解这位文学大师的生活与思想。参观完故居就可以逛逛南锣鼓巷，古老的街道却充满了现代气息，看看北京的四合院，吃吃老北京小吃，美！,positive,2025-04
南锣鼓巷,北京.南锣鼓巷，位于北京市的心脏地段。南锣鼓巷不仅保留了北京的历史风貌和传统文化，也融入了现代都市的活力和创意。它拥有740多年的历史，仍保留了元代的里坊格局和明清时期的名人府邸。是北京最古老的街区之一。它的整体格局就像一个“非”字，一条主路串起两旁的胡同，来这里就是看老北京的四合院。齐白石旧居，茅盾故居等都对外开放，免费参观。很值得一看。,positive,2025-04
南锣鼓巷,南锣鼓巷始建于元代，已有700多年历史，是北京最古老的街区之一。街区保留了传统的胡同格局和四合院建筑，展现了老北京的风貌。巷内有众多名人故居和文化遗址，如齐白石故居、茅盾故居等，文化底蕴深厚，街区还会定期举办文化活动和艺术展览。巷内有众多特色小店，售卖手工艺品、文创产品、 vintage服饰等，还有许多特色咖啡馆、茶馆和餐馆，提供多样化的美食选择。,positive,2025-02
南锣鼓巷,"南锣鼓巷千万别听别人说……
|千万别听人家说什么南锣鼓巷不值得去，想体验一下北京古巷的味道，又想吃吃逛逛，带着老小一家子，南锣鼓巷比其他古巷还是包容性更大，有一堆小吃，起码可以体验老北京文化的同时满足嘴巴。### 推荐小吃1. **炸酱面**：可以尝试传统的炸酱面，面条劲道，还有炸酱面冰激凌可以试试，偷偷告诉你，炸酱面冰激凌实际上是一种可爱的巧克力冰激凌??   2. **豆汁**：北京特色饮品，口感独特，适合勇于尝试的人，尤其豆汁冰激凌??可以排队试试。3. **冰糖葫芦**：外脆内甜的冰糖葫芦，特别适合拍照！当然北京的糖葫芦非常好吃！不接受反驳4. **吹糖人**：传统的北京小吃，老板做好了以后可以自己吹成型，比较有趣，??30-40一个希望你能享受到美味的小吃！",positive,2024-12
南锣鼓巷,"南锣鼓巷：京城古韵与时尚的交织乐章

在北京这座历史悠久的古都，南锣鼓巷宛如一颗璀璨明珠，散发着独特魅力，吸引着来自五湖四海的游客纷至沓来。

踏入南锣鼓巷，首先映入眼帘的是那古色古香的胡同风貌。灰墙青瓦，朱漆大门，斑驳的墙面仿佛诉说着岁月的沧桑故事。这些胡同纵横交错，如同城市的脉络，串联起往昔的记忆。漫步其中，能真切感受到老北京原汁原味的生活气息。清晨，阳光洒在胡同里，大爷大妈们坐在门口唠着家常，偶尔有清脆的自行车铃声划过宁静，让人瞬间穿越回儿时熟悉的京城清晨画面。

但南锣鼓巷绝非只是沉浸于过往，它更是传统与现代碰撞出绚丽火花的时尚地标。街道两旁，一家家独具特色的小店琳琅满目。创意十足的文创店摆满了以北京元素为主题的纪念品，从印有京剧脸谱的 T 恤到手绘故宫全景的笔记本，将传统文化巧妙融入现代设计，让人爱不释手。美食铺子更是香气四溢，既有地道的老北京爆肚、卤煮，那浓郁醇厚的味道，一口下去就是满满的京城烟火；又有洋气的西式烘焙、意式咖啡，满足年轻人追求新鲜的味蕾。甜品店内，造型精致的“兔儿爷”冰淇淋，把传统民间神祇化作甜蜜清凉，成为游客打卡拍照的宠儿，为古老街巷注入青春活力。

这里还是艺术的汇聚之所。隐匿在胡同深处的小型画廊，时常展出先锋画家的作品，抽象画与四合院的静谧相得益彰；民间艺人的手工作坊里，剪纸、糖画等绝技轮番上演，传承人手中的剪刀、糖勺如灵动画笔，勾勒出非遗魅力，引得观者阵阵惊叹，驻足良久。

夜幕降临，华灯初上，南锣鼓巷又是另一番风情。暖黄的灯光为胡同勾勒出柔和轮廓，酒吧里传出悠扬的歌声与欢笑声，与不远处传统戏楼的京腔京韵交织回荡。此时，无论是找一家清吧小酌，沉浸在微醺的惬意里；还是步入戏楼，品一品正宗的京剧，感受国粹震撼，都能让心灵在古今交融间得到滋养。

南锣鼓巷，就是这样一个地方，它用深厚的历史底蕴打底，佐以时尚创新的调味，为每一位到访者烹制出一场回味无穷的京城盛宴，叫人来了便难以忘怀，盼着下次重逢。",positive,2025-03
南锣鼓巷,网红景点包围在老北京的平方四合院里面，拍拍照打打卡就可以了，不太建议在这里买吃的哈，懂得都懂??，商业化很严重了，不如在旁边的小道找一条走进去体验下胡同文化?? 节假日的话人超级多??,positive,2025-04
南锣鼓巷,去吃完护国寺小吃，步行到了南锣鼓巷。这里是文艺小资青年的必打卡之地，好像很多城市都有这样的一条巷子，像成都的宽窄巷子、锦里，上海的田子坊，晚上很热闹，沿路两侧有很多有特色的店铺，吃的、喝的、手信店、化妆品店，中间有一家口红学院，可以自己做口红，158元一支，自己选色号、选精油的味道、选口红管的样式，会有老师来教你做，很有意思，可以体验一下。但是有一点要注意，千万别逛得太晚，太晚地铁没有了，打车也不好打。北京的胡同太多，晚上还是要注意安全。,positive,2024-07
南锣鼓巷,南锣鼓巷，北京人从来不去的地方。,negative,2023-10
南锣鼓巷,老北京文化的代表之地。文化几乎看不到，空气中飘散着各种食物的味道，各类店铺林立两侧，垃圾污水遍地。不去！,negative,2023-09
南锣鼓巷,如果你想看看北京的一些旧物件，顺便感受胡同，可以试试。,negative,2023-08
南锣鼓巷,现今的南锣鼓巷已经物是人非了，充斥着各种乱七八糟的东西，属实被资本玩坏了，各种所谓网红美食也是挂羊头卖狗肉，那也叫美食？！,negative,2023-08
南锣鼓巷,每个城市都有这么一个外地游客喜欢打卡的古街吧……,negative,2023-07
南锣鼓巷,一个??自己名字的手串加一些装饰的小珠子下来290??，如果是真玛瑙什么的还可以，可惜……就是小孩喜欢，换我绝对不买，是真的宰你没商量！！！被网红小吃充斥着失去了该有的味道！,negative,2023-03
南锣鼓巷,巷子一般般吧，没什么特别的地方吗？,negative,J2023-06
故宫博物院,"在出游前,把精确的入口贴在地图上,参观博物馆。今天我被排队围绕这个禁城,到所有的入口,大家都说,不是你进入这个入口,而是你进入另一个入口。他们这张不明的票据--他们不知道这是什么意思,他们说去那边。另一张门口。给保安打个票,画一张地图。去哪里,哪里。最后,我没有去博物馆,像狗一样冻结,然后去最近的星巴克热... 根据我的经验,我不建议。也许有人会走运,会被抓到。那些曾经说是侧门,现在不允许。还有哪个入口,哪个去,哪个去,哪个去,哪个去,哪个去,哪个去,哪个去,哪个去,哪个去,哪个去,哪个去,哪个去,哪个去,哪个去,哪个去,哪个去,哪个去,哪个去,哪个去,哪个去,哪个去,哪个去,哪个去,哪个去,哪个去,哪个去,哪个去,哪个去,哪个去,哪个去,哪个去,哪个去,",negative,2025-06
故宫博物院,价格涨了。售出的门票被排除在时钟入场费之外。感觉被骗了,negative,2026-01
故宫博物院,本次故宫参观体验极差，核心问题出在导游服务上。全程讲解毫无条理，对宫殿历史、建筑特色只是寥寥几句敷衍，既无知识点也无趣味性，甚至多处讲解有误。导游全程步履匆忙，根本不考虑游客拍照需求，完全感受不到专业度。花了导游费却收获糟糕体验，严重影响参观心情，非常不推荐！,negative,2026-01
故宫博物院,地址在任何地方都没有明确说明。帖子中包含的地址没有线索。浪费了钱,negative,2026-01
故宫博物院,非常非常差的一次体验，因为自己不太懂所以在携程平台买了故宫套票，我们三个人一起，花了七百多块，结果去到北京后告知我们没有套票的蹦蹦车游，然后故宫讲解我们也没有赶上，因为第一次去找不到方向，打电话问导游助理，态度非常差，我还没有问完直接挂断电话，结果在群里也找不见说让旅客迟到了不要再打电话联系她，所以我们三个花了七百多最后连讲解项目也没有，就只有故宫门票，本来故宫单票门票一人才几十块，我们就这样花了大几百冤枉钱，也不退给我们，平台说协商后也不退差价给我们，真的非常无语，就当花钱买个教训了，以后大家在去旅行或者陌生地方，在这种平台下单一定要注意看下单内容，也要先咨询好服务。不然就是当冤大头……,negative,2026-01
故宫博物院,皇城故事岳导讲的非常专业。让我和我朋友从现在穿越明清时期。让我们了解电视剧和历史有了很大差距。岳导讲解有浅入深、生动有趣的方式。让我们感受到故宫历史文化底蕴和价值。收获了很多历史知识。这次故宫之旅非常开心。五星好评[呲牙]你值得拥有！推荐！推荐！推荐！,positive,2024-05
故宫博物院,京状元雷老师特别负责，细心耐心，值得推荐！昨天早上检票人很多，耽误了十多分钟，雷老师为了给孩子一个好的体验质量，多带孩子参观了半小时，一直走到御花园，特别用心，棒棒棒,positive,2025-04
故宫博物院,老师讲得很好，长辈们很满意,positive,2026-04
南锣鼓巷,一条路上都是各种店，卖的东西每个旅游景点都有的，没有什么特色，不值得去,negative,2023-05
颐和园,园外游船是骗子，不坐退不了票,negative,2024-10
颐和园,实际讲解时间只有1小时10分钟，没有带团员近距离看景点，就是路过一处说一句“这是什么阁楼”就结束了，没有讲历史，没有讲故事，非常粗糙，基本什么都没讲，还不如租电子讲解…很失望…,negative,2026-02
颐和园,买票进不去一个小时解决不了，非常非常差,negative,2025-02
天坛公园,太多人了，人从众,negative,2025-04
天坛公园,差评差评，预定的秀才说解说，每个人138元，分配的京状元解说，携程网京状元每人68元。提前一天的晚上已经提醒携程网说分配错误，告诉我说商家只是为了便于联系，第二天会安排秀才说，如果不是会退差价。 果然第二天就还是京状元，为了不影响行程也提前和携程说了，后面再退差价。 现在协调来协调去居然和我说只能一人退20元差价，接不接受也没办法。 太搞笑了，我作为一直使用携程的客户，从来不会无理取闹，这样的服务态度，解决不了我会一直投诉！！！,negative,2025-02
天坛公园,很一般，没有客服联系,negative,2025-02
南锣鼓巷,以前第一次去北京的时候，还是有点意思。,negative,2023-03
南锣鼓巷,商业街换了个皮肤而已，真的没意思。,negative,2023-03
八达岭长城,引导标识没有,negative,2026-03
八达岭长城,详情写的不清楚 客服工作太滞后,negative,2026-03
八达岭长城,景区管理方面，北京，全国最差之一,negative,2026-02
